ID_Venta,ID_Cliente,Fecha_Compra,Metodo_Pago,Total_Productos,Subtotal,Impuesto,Descuento_Total,Total_Pagar,Estado,Fecha_Entrega,Observaciones
VENT0001,CLI00246,2024-09-11 08:55:30.778655,Efectivo,5,249.76,24.36,11.69,262.43,Entregado,2024-09-11 08:55:30.778655,
VENT0002,CLI00473,2023-06-16 13:26:22.927778,Efectivo,8,381.69,39.87,22.73,398.83,Pendiente,,
VENT0003,CLI00152,2025-05-02 09:56:09.547488,Transferencia bancaria,9,551.65,44.54,30.22,565.97,Entregado,2025-05-02 09:56:09.547488,Quo illum excepturi aut velit minima corporis repudiandae illum reprehenderit unde.
VENT0004,CLI00359,2024-10-03 18:56:16.941313,Tarjeta de débito,2,97.36,4.98,4.73,97.61,Pendiente,,
VENT0005,CLI00287,2023-11-12 02:46:07.731933,Tarjeta de débito,8,443.1,41.41,18.94,465.57,Entregado,2023-11-12 02:46:07.731933,
VENT0006,CLI00147,2024-10-31 14:45:51.080243,Transferencia bancaria,1,140.35,7.55,2.16,145.74,Entregado,2024-10-31 14:45:51.080243,
VENT0007,CLI00431,2024-03-08 21:58:44.504241,Tarjeta de débito,2,89.06,8.7,2.48,95.28,Entregado,2024-03-08 21:58:44.504241,
VENT0008,CLI00080,2024-12-31 10:29:54.069565,Tarjeta de débito,4,315.56,26.52,18.1,323.98,Entregado,2024-12-31 10:29:54.069565,
VENT0009,CLI00104,2024-01-18 09:03:58.582979,Tarjeta de débito,2,157.98,10.28,5.81,162.45,Entregado,2024-01-18 09:03:58.582979,
VENT0010,CLI00286,2025-03-20 21:18:34.059447,Tarjeta de débito,5,307.67,32.95,17.05,323.57,Cancelado,2025-03-20 21:18:34.059447,Esse quasi qui impedit eos repellendus.
VENT0011,CLI00329,2025-01-29 04:40:07.892120,Tarjeta de débito,6,441.01,42.46,14.15,469.32,Entregado,2025-01-29 04:40:07.892120,
VENT0012,CLI00154,2024-06-04 00:21:40.955492,Efectivo,1,54.7,2.54,4.18,53.06,Entregado,2024-06-04 00:21:40.955492,Assumenda excepturi quisquam autem eveniet dolor minus et placeat dolore.
VENT0013,CLI00151,2024-12-30 00:47:11.242244,Tarjeta de débito,2,60.48,4.63,8.69,56.42,Entregado,2024-12-30 00:47:11.242244,
VENT0014,CLI00076,2024-01-14 10:41:23.935561,Tarjeta de crédito,7,423.6,30.64,17.91,436.33,Entregado,2024-01-14 10:41:23.935561,Laboriosam labore debitis excepturi vitae corrupti illum dignissimos.
VENT0015,CLI00223,2024-04-26 18:37:05.310781,Tarjeta de crédito,5,463.69,48.51,13.04,499.16,Entregado,2024-04-26 18:37:05.310781,
VENT0016,CLI00325,2023-12-24 13:51:56.157467,Tarjeta de débito,3,89.63,8.64,11.36,86.91,Entregado,2023-12-24 13:51:56.157467,A id vitae deserunt non.
VENT0017,CLI00382,2024-10-24 09:39:37.865949,Tarjeta de crédito,4,328.87,42.83,12.9,358.8,Cancelado,2024-10-24 09:39:37.865949,
VENT0018,CLI00239,2023-08-13 06:06:13.708080,Transferencia bancaria,6,417.0,36.25,13.09,440.16,Entregado,2023-08-13 06:06:13.708080,Commodi illo earum doloremque sunt labore deserunt.
VENT0019,CLI00432,2024-05-17 13:33:17.388441,Transferencia bancaria,8,528.71,56.41,22.31,562.81,Entregado,2024-05-17 13:33:17.388441,
VENT0020,CLI00339,2024-01-13 16:27:04.976021,Transferencia bancaria,2,92.11,7.46,5.03,94.54,Entregado,2024-01-13 16:27:04.976021,
VENT0021,CLI00176,2024-09-18 18:51:59.649130,Tarjeta de crédito,8,556.2,52.24,24.32,584.12,Entregado,2024-09-18 18:51:59.649130,
VENT0022,CLI00124,2023-11-06 06:41:06.310902,Efectivo,7,608.78,44.54,23.25,630.07,Entregado,2023-11-06 06:41:06.310902,
VENT0023,CLI00441,2024-10-06 10:16:48.085019,Efectivo,6,455.07,27.11,19.43,462.75,Entregado,2024-10-06 10:16:48.085019,
VENT0024,CLI00427,2025-01-16 06:28:39.160601,Efectivo,1,129.2,4.95,4.17,129.98,Entregado,2025-01-16 06:28:39.160601,
VENT0025,CLI00335,2023-11-11 00:10:33.216474,Tarjeta de débito,9,640.4,76.32,27.39,689.33,Entregado,2023-11-11 00:10:33.216474,
VENT0026,CLI00296,2024-09-05 09:36:40.571301,Efectivo,10,717.83,52.51,33.47,736.87,Entregado,2024-09-05 09:36:40.571301,Earum recusandae voluptatum ea esse tenetur molestiae quam asperiores.
VENT0027,CLI00014,2024-02-24 03:04:18.665212,Tarjeta de débito,8,277.29,23.46,18.44,282.31,Entregado,2024-02-24 03:04:18.665212,Laudantium blanditiis velit ad vero sint placeat non.
VENT0028,CLI00171,2023-07-16 01:06:11.363979,Transferencia bancaria,4,240.71,26.95,13.86,253.8,Entregado,2023-07-16 01:06:11.363979,
VENT0029,CLI00265,2024-02-29 11:16:08.580569,Transferencia bancaria,5,235.47,21.25,9.36,247.36,Entregado,2024-02-29 11:16:08.580569,
VENT0030,CLI00281,2024-12-01 10:28:16.171067,Efectivo,7,527.52,46.04,13.29,560.27,Entregado,2024-12-01 10:28:16.171067,
VENT0031,CLI00457,2024-11-18 08:26:39.375982,Tarjeta de crédito,8,417.22,44.19,24.61,436.8,Entregado,2024-11-18 08:26:39.375982,Unde illum porro repudiandae cumque provident consectetur numquam sed.
VENT0032,CLI00223,2023-08-23 21:05:31.913833,Tarjeta de débito,10,821.77,57.7,32.0,847.47,Entregado,2023-08-23 21:05:31.913833,
VENT0033,CLI00278,2023-06-04 18:06:51.274707,Transferencia bancaria,8,477.83,49.2,32.05,494.98,Cancelado,2023-06-04 18:06:51.274707,Facere error ut autem commodi suscipit non debitis laboriosam.
VENT0034,CLI00076,2024-03-10 20:06:13.260996,Tarjeta de crédito,6,439.1,36.46,15.18,460.38,Entregado,2024-03-10 20:06:13.260996,
VENT0035,CLI00474,2025-05-18 13:57:18.347071,Tarjeta de crédito,10,696.43,53.04,22.73,726.74,Entregado,2025-05-18 13:57:18.347071,
VENT0036,CLI00363,2023-09-28 18:31:40.773827,Efectivo,3,187.37,15.78,8.69,194.46,Entregado,2023-09-28 18:31:40.773827,Quasi eligendi aut voluptas asperiores soluta officia repellendus qui libero.
VENT0037,CLI00174,2023-06-07 16:08:56.625166,Tarjeta de crédito,4,229.77,26.52,11.01,245.28,Pendiente,,
VENT0038,CLI00279,2025-01-15 23:46:16.180708,Tarjeta de crédito,9,496.5,40.1,21.75,514.85,Cancelado,2025-01-15 23:46:16.180708,
VENT0039,CLI00469,2023-12-05 00:26:33.330735,Transferencia bancaria,7,404.7,30.4,17.58,417.52,Entregado,2023-12-05 00:26:33.330735,
VENT0040,CLI00157,2025-01-11 02:21:45.021472,Tarjeta de débito,8,537.33,40.45,15.44,562.34,Entregado,2025-01-11 02:21:45.021472,Laudantium corporis esse aspernatur quae cupiditate molestiae odit.
VENT0041,CLI00183,2024-01-20 06:09:15.595663,Transferencia bancaria,6,303.22,36.69,12.24,327.67,Entregado,2024-01-20 06:09:15.595663,
VENT0042,CLI00102,2025-01-20 09:29:30.311045,Tarjeta de crédito,2,95.55,10.68,4.47,101.76,Entregado,2025-01-20 09:29:30.311045,
VENT0043,CLI00152,2024-05-29 22:30:38.094162,Efectivo,6,486.13,30.79,15.45,501.47,Entregado,2024-05-29 22:30:38.094162,
VENT0044,CLI00005,2025-02-15 18:22:16.495574,Efectivo,7,373.77,37.28,18.2,392.85,Cancelado,2025-02-15 18:22:16.495574,
VENT0045,CLI00382,2024-02-01 15:13:20.693727,Tarjeta de débito,8,685.18,56.53,20.59,721.12,Pendiente,,
VENT0046,CLI00165,2025-04-14 22:05:41.716008,Efectivo,4,210.3,21.71,8.3,223.71,Entregado,2025-04-14 22:05:41.716008,
VENT0047,CLI00367,2025-04-16 14:45:10.044952,Transferencia bancaria,5,309.97,27.31,14.23,323.05,Entregado,2025-04-16 14:45:10.044952,
VENT0048,CLI00286,2023-12-02 22:01:16.300995,Efectivo,9,558.05,50.86,21.8,587.11,Entregado,2023-12-02 22:01:16.300995,Itaque occaecati incidunt quia nam eligendi.
VENT0049,CLI00489,2023-10-09 07:59:50.387402,Transferencia bancaria,10,729.01,65.5,27.51,767.0,Entregado,2023-10-09 07:59:50.387402,
VENT0050,CLI00196,2024-11-05 08:27:20.445467,Transferencia bancaria,8,531.83,43.27,27.02,548.08,Entregado,2024-11-05 08:27:20.445467,Quam consectetur ducimus quasi reiciendis perferendis aliquid praesentium.
VENT0051,CLI00446,2023-08-24 10:05:31.456272,Tarjeta de crédito,6,387.56,47.02,18.41,416.17,Entregado,2023-08-24 10:05:31.456272,
VENT0052,CLI00150,2024-05-01 08:04:59.653775,Transferencia bancaria,5,303.81,19.7,13.55,309.96,Entregado,2024-05-01 08:04:59.653775,
VENT0053,CLI00151,2025-02-11 21:57:09.139215,Efectivo,10,707.75,67.61,24.79,750.57,Entregado,2025-02-11 21:57:09.139215,
VENT0054,CLI00231,2025-04-25 05:03:30.585034,Tarjeta de débito,7,454.38,52.2,17.45,489.13,Pendiente,,
VENT0055,CLI00500,2025-04-19 10:12:29.122346,Transferencia bancaria,9,566.24,60.89,23.78,603.35,Pendiente,,
VENT0056,CLI00039,2024-06-18 04:29:23.846302,Transferencia bancaria,9,517.89,47.49,23.58,541.8,Entregado,2024-06-18 04:29:23.846302,
VENT0057,CLI00199,2024-07-07 11:09:02.244087,Efectivo,8,533.86,59.46,18.29,575.03,Pendiente,,Illum fugit libero assumenda occaecati veniam voluptatem voluptatem inventore reiciendis.
VENT0058,CLI00451,2025-04-29 22:40:26.477851,Tarjeta de débito,3,166.96,16.94,4.72,179.18,Entregado,2025-04-29 22:40:26.477851,
VENT0059,CLI00079,2024-08-31 03:29:21.931590,Transferencia bancaria,2,37.85,6.35,7.99,36.21,Entregado,2024-08-31 03:29:21.931590,
VENT0060,CLI00200,2024-01-14 17:24:42.725415,Transferencia bancaria,8,676.96,54.05,30.98,700.03,Entregado,2024-01-14 17:24:42.725415,
VENT0061,CLI00051,2023-07-27 21:39:48.938974,Efectivo,3,157.8,18.91,11.54,165.17,Entregado,2023-07-27 21:39:48.938974,
VENT0062,CLI00243,2024-04-04 15:12:50.250856,Tarjeta de débito,10,500.85,30.4,19.78,511.47,Entregado,2024-04-04 15:12:50.250856,
VENT0063,CLI00083,2023-10-29 13:39:07.852399,Tarjeta de crédito,1,60.66,3.48,2.22,61.92,Entregado,2023-10-29 13:39:07.852399,
VENT0064,CLI00157,2024-02-13 13:32:45.102849,Tarjeta de débito,6,304.4,25.44,14.7,315.14,Entregado,2024-02-13 13:32:45.102849,
VENT0065,CLI00280,2024-12-20 18:04:30.274174,Transferencia bancaria,9,544.25,56.72,20.62,580.35,Cancelado,2024-12-20 18:04:30.274174,
VENT0066,CLI00343,2024-03-06 21:04:48.664537,Efectivo,5,356.71,40.19,9.88,387.02,Entregado,2024-03-06 21:04:48.664537,
VENT0067,CLI00330,2023-06-13 01:49:11.806117,Tarjeta de crédito,9,563.18,49.53,12.51,600.2,Entregado,2023-06-13 01:49:11.806117,
VENT0068,CLI00394,2024-01-16 01:35:07.024957,Transferencia bancaria,1,37.44,2.68,4.92,35.2,Pendiente,,Est nihil autem maxime ab saepe fugit.
VENT0069,CLI00096,2024-01-04 18:31:38.633727,Transferencia bancaria,9,554.32,44.22,29.92,568.62,Entregado,2024-01-04 18:31:38.633727,Nihil sed a deleniti aliquam odio placeat eius nobis.
VENT0070,CLI00169,2023-12-20 22:35:37.839152,Tarjeta de crédito,6,374.97,41.0,11.87,404.1,Entregado,2023-12-20 22:35:37.839152,Repellat vero laudantium culpa cupiditate.
VENT0071,CLI00491,2023-09-02 05:40:35.396611,Transferencia bancaria,5,358.18,53.01,12.11,399.08,Entregado,2023-09-02 05:40:35.396611,
VENT0072,CLI00253,2025-05-27 12:53:13.755804,Efectivo,1,131.15,9.25,4.02,136.38,Entregado,2025-05-27 12:53:13.755804,
VENT0073,CLI00391,2024-03-24 14:43:04.747119,Transferencia bancaria,4,311.49,22.97,11.39,323.07,Entregado,2024-03-24 14:43:04.747119,Quos at ad eius voluptatibus ipsum qui nulla ab illum.
VENT0074,CLI00347,2025-04-27 23:23:51.182238,Efectivo,7,506.1,56.29,18.76,543.63,Entregado,2025-04-27 23:23:51.182238,
VENT0075,CLI00012,2023-07-12 22:05:45.913187,Tarjeta de débito,6,282.98,33.44,14.72,301.7,Pendiente,,
VENT0076,CLI00250,2024-05-14 09:04:42.032681,Tarjeta de débito,1,62.13,3.84,3.16,62.81,Entregado,2024-05-14 09:04:42.032681,
VENT0077,CLI00425,2025-05-22 15:41:27.229685,Tarjeta de débito,2,84.86,6.2,6.31,84.75,Entregado,2025-05-22 15:41:27.229685,
VENT0078,CLI00175,2024-10-22 00:36:00.467932,Transferencia bancaria,1,84.36,8.44,4.68,88.12,Cancelado,2024-10-22 00:36:00.467932,
VENT0079,CLI00209,2024-11-13 01:39:48.181227,Efectivo,3,168.54,9.64,5.92,172.26,Entregado,2024-11-13 01:39:48.181227,
VENT0080,CLI00141,2024-06-29 00:17:34.672386,Efectivo,6,332.22,31.6,11.45,352.37,Entregado,2024-06-29 00:17:34.672386,Veritatis adipisci distinctio optio est tempore.
VENT0081,CLI00236,2025-03-13 05:23:44.673433,Tarjeta de crédito,1,87.05,11.8,1.43,97.42,Cancelado,2025-03-13 05:23:44.673433,
VENT0082,CLI00180,2023-06-25 21:30:44.215286,Tarjeta de crédito,3,122.73,9.75,11.75,120.73,Entregado,2023-06-25 21:30:44.215286,
VENT0083,CLI00056,2024-11-08 11:42:29.891632,Transferencia bancaria,5,357.52,50.7,17.83,390.39,Entregado,2024-11-08 11:42:29.891632,
VENT0084,CLI00119,2023-05-31 16:27:36.488105,Tarjeta de débito,10,704.67,59.04,27.03,736.68,Entregado,2023-05-31 16:27:36.488105,
VENT0085,CLI00172,2025-03-03 10:05:56.114999,Tarjeta de crédito,5,338.33,34.47,17.99,354.81,Entregado,2025-03-03 10:05:56.114999,
VENT0086,CLI00250,2024-06-13 11:25:08.915035,Efectivo,3,115.11,14.72,10.21,119.62,Cancelado,2024-06-13 11:25:08.915035,
VENT0087,CLI00366,2024-12-07 02:18:10.869922,Tarjeta de crédito,4,341.92,28.74,9.06,361.6,Pendiente,,Nulla asperiores nesciunt praesentium tenetur a in ab cum.
VENT0088,CLI00392,2024-01-06 12:42:36.842197,Tarjeta de débito,4,376.49,40.22,17.77,398.94,Cancelado,2024-01-06 12:42:36.842197,
VENT0089,CLI00452,2025-01-17 21:17:14.829144,Tarjeta de débito,8,537.6,47.85,23.02,562.43,Entregado,2025-01-17 21:17:14.829144,
VENT0090,CLI00287,2023-11-14 16:55:02.659589,Tarjeta de débito,8,494.54,42.48,20.11,516.91,Entregado,2023-11-14 16:55:02.659589,Doloribus velit magni autem fuga.
VENT0091,CLI00433,2024-10-02 12:10:22.621230,Tarjeta de débito,4,292.41,28.03,9.33,311.11,Entregado,2024-10-02 12:10:22.621230,
VENT0092,CLI00344,2024-06-14 14:02:29.563637,Transferencia bancaria,6,452.16,56.56,16.52,492.2,Entregado,2024-06-14 14:02:29.563637,
VENT0093,CLI00401,2024-05-02 23:59:10.859976,Efectivo,8,633.81,51.92,25.3,660.43,Entregado,2024-05-02 23:59:10.859976,Quidem delectus asperiores sint eos adipisci.
VENT0094,CLI00097,2024-03-21 02:39:32.443730,Tarjeta de crédito,6,592.35,59.72,10.56,641.51,Pendiente,,
VENT0095,CLI00415,2025-01-20 03:58:13.503771,Transferencia bancaria,2,36.29,2.82,6.25,32.86,Pendiente,,Incidunt est autem sed velit enim voluptatem saepe quam.
VENT0096,CLI00235,2024-09-26 06:00:11.532625,Efectivo,8,403.67,35.5,23.64,415.53,Entregado,2024-09-26 06:00:11.532625,
VENT0097,CLI00001,2023-12-12 18:45:35.652379,Efectivo,1,68.01,4.11,0.03,72.09,Entregado,2023-12-12 18:45:35.652379,Dolorem architecto beatae adipisci eveniet eveniet.
VENT0098,CLI00311,2023-11-05 13:35:23.833840,Tarjeta de crédito,4,246.46,23.54,8.75,261.25,Entregado,2023-11-05 13:35:23.833840,Magnam quae rerum corporis.
VENT0099,CLI00138,2025-05-16 08:50:58.063125,Efectivo,10,502.71,37.92,25.04,515.59,Entregado,2025-05-16 08:50:58.063125,
VENT0100,CLI00404,2025-01-27 16:07:52.781550,Efectivo,2,118.34,18.9,6.55,130.69,Entregado,2025-01-27 16:07:52.781550,
VENT0101,CLI00013,2024-06-24 12:32:57.533292,Tarjeta de crédito,1,45.63,2.16,0.39,47.4,Entregado,2024-06-24 12:32:57.533292,
VENT0102,CLI00151,2024-03-05 23:29:50.377054,Tarjeta de débito,4,207.1,26.88,4.19,229.79,Entregado,2024-03-05 23:29:50.377054,
VENT0103,CLI00258,2024-01-13 21:15:05.903682,Tarjeta de crédito,1,78.32,8.4,0.73,85.99,Entregado,2024-01-13 21:15:05.903682,
VENT0104,CLI00425,2023-09-13 14:04:01.937152,Transferencia bancaria,8,537.31,49.7,15.3,571.71,Entregado,2023-09-13 14:04:01.937152,
VENT0105,CLI00101,2023-07-21 08:38:23.865540,Transferencia bancaria,7,466.65,59.88,17.16,509.37,Cancelado,2023-07-21 08:38:23.865540,
VENT0106,CLI00373,2024-11-29 15:23:19.418205,Tarjeta de crédito,2,86.96,9.16,2.63,93.49,Entregado,2024-11-29 15:23:19.418205,
VENT0107,CLI00374,2025-03-31 11:28:59.272256,Efectivo,1,120.05,8.05,1.23,126.87,Pendiente,,
VENT0108,CLI00266,2023-07-17 16:19:48.767012,Efectivo,7,499.7,34.01,15.17,518.54,Cancelado,2023-07-17 16:19:48.767012,
VENT0109,CLI00061,2023-08-13 07:54:46.990726,Efectivo,4,305.81,20.01,14.39,311.43,Entregado,2023-08-13 07:54:46.990726,
VENT0110,CLI00455,2024-02-08 06:51:09.991199,Tarjeta de crédito,10,556.81,32.78,21.08,568.51,Entregado,2024-02-08 06:51:09.991199,
VENT0111,CLI00430,2024-03-30 10:57:10.107640,Transferencia bancaria,10,611.4,63.6,26.03,648.97,Entregado,2024-03-30 10:57:10.107640,
VENT0112,CLI00381,2024-09-26 19:42:26.384117,Efectivo,1,22.69,2.36,2.9,22.15,Entregado,2024-09-26 19:42:26.384117,
VENT0113,CLI00408,2024-04-09 12:22:07.642366,Tarjeta de crédito,5,366.2,30.41,9.54,387.07,Entregado,2024-04-09 12:22:07.642366,
VENT0114,CLI00128,2024-12-28 07:51:03.315149,Efectivo,8,361.51,28.9,24.44,365.97,Entregado,2024-12-28 07:51:03.315149,
VENT0115,CLI00452,2023-09-16 00:45:31.134352,Efectivo,6,377.52,38.58,19.96,396.14,Entregado,2023-09-16 00:45:31.134352,
VENT0116,CLI00416,2024-10-22 07:56:25.123224,Tarjeta de crédito,2,96.68,12.7,1.52,107.86,Entregado,2024-10-22 07:56:25.123224,
VENT0117,CLI00090,2024-03-17 06:56:53.936238,Tarjeta de crédito,1,93.52,10.4,1.72,102.2,Entregado,2024-03-17 06:56:53.936238,
VENT0118,CLI00168,2024-07-14 15:08:52.521282,Tarjeta de débito,1,132.1,14.85,0.73,146.22,Entregado,2024-07-14 15:08:52.521282,
VENT0119,CLI00446,2024-07-24 17:16:59.353475,Tarjeta de crédito,2,161.26,12.18,8.43,165.01,Entregado,2024-07-24 17:16:59.353475,
VENT0120,CLI00075,2024-09-09 06:14:13.339279,Efectivo,10,593.53,58.71,26.72,625.52,Entregado,2024-09-09 06:14:13.339279,
VENT0121,CLI00394,2025-03-25 21:45:17.977793,Tarjeta de débito,2,151.28,14.92,5.34,160.86,Entregado,2025-03-25 21:45:17.977793,
VENT0122,CLI00237,2024-07-04 19:42:39.029990,Tarjeta de débito,6,337.45,31.65,12.83,356.27,Entregado,2024-07-04 19:42:39.029990,Fugit culpa voluptatibus sit tempore.
VENT0123,CLI00322,2024-10-17 04:21:20.460937,Tarjeta de crédito,9,683.29,66.2,14.2,735.29,Entregado,2024-10-17 04:21:20.460937,
VENT0124,CLI00261,2024-09-12 00:57:02.053646,Efectivo,9,579.56,42.05,22.95,598.66,Entregado,2024-09-12 00:57:02.053646,
VENT0125,CLI00468,2025-02-09 15:08:22.535085,Transferencia bancaria,8,583.73,41.24,17.71,607.26,Cancelado,2025-02-09 15:08:22.535085,Quod dolores culpa consequuntur ipsum occaecati nostrum.
VENT0126,CLI00230,2024-12-09 15:34:37.564559,Transferencia bancaria,7,328.17,23.59,17.77,333.99,Entregado,2024-12-09 15:34:37.564559,
VENT0127,CLI00137,2025-03-19 23:37:22.054788,Efectivo,7,418.07,21.07,20.68,418.46,Cancelado,2025-03-19 23:37:22.054788,
VENT0128,CLI00386,2024-07-11 20:50:11.999067,Tarjeta de crédito,2,168.78,12.48,4.47,176.79,Entregado,2024-07-11 20:50:11.999067,
VENT0129,CLI00160,2023-07-27 07:29:54.275223,Tarjeta de débito,4,149.63,14.13,12.05,151.71,Pendiente,,Numquam eos rerum fugit voluptatibus.
VENT0130,CLI00050,2024-03-18 06:31:05.827090,Tarjeta de crédito,1,18.49,3.45,3.35,18.59,Pendiente,,
VENT0131,CLI00038,2024-09-04 01:46:59.771651,Tarjeta de crédito,4,251.42,25.49,14.73,262.18,Entregado,2024-09-04 01:46:59.771651,
VENT0132,CLI00059,2024-12-14 01:19:05.822544,Tarjeta de débito,7,604.87,55.32,22.38,637.81,Entregado,2024-12-14 01:19:05.822544,
VENT0133,CLI00401,2025-04-28 06:47:28.967374,Tarjeta de crédito,5,455.67,48.34,15.55,488.46,Entregado,2025-04-28 06:47:28.967374,
VENT0134,CLI00265,2023-07-17 19:23:33.375933,Efectivo,6,277.04,17.56,8.84,285.76,Entregado,2023-07-17 19:23:33.375933,
VENT0135,CLI00168,2024-12-19 07:00:02.135699,Tarjeta de débito,10,655.4,55.77,24.0,687.17,Entregado,2024-12-19 07:00:02.135699,Ullam totam maiores officiis laborum quam cumque possimus molestiae vitae.
VENT0136,CLI00071,2024-03-23 12:25:12.063653,Tarjeta de débito,5,381.98,36.48,17.51,400.95,Pendiente,,
VENT0137,CLI00230,2024-10-29 05:32:38.954894,Transferencia bancaria,4,204.02,14.02,12.46,205.58,Entregado,2024-10-29 05:32:38.954894,
VENT0138,CLI00133,2023-08-10 01:34:57.748853,Tarjeta de débito,10,575.6,59.34,22.23,612.71,Pendiente,,
VENT0139,CLI00370,2024-10-12 20:08:18.262629,Transferencia bancaria,5,274.76,38.18,14.2,298.74,Entregado,2024-10-12 20:08:18.262629,
VENT0140,CLI00188,2024-01-01 02:03:48.445098,Efectivo,2,143.31,9.43,6.16,146.58,Entregado,2024-01-01 02:03:48.445098,Magni debitis soluta incidunt consequatur a reprehenderit.
VENT0141,CLI00331,2024-12-07 10:47:33.898095,Transferencia bancaria,4,248.7,27.83,12.59,263.94,Pendiente,,
VENT0142,CLI00169,2023-12-24 21:02:26.714664,Tarjeta de débito,1,16.37,2.06,4.66,13.77,Entregado,2023-12-24 21:02:26.714664,
VENT0143,CLI00069,2025-04-19 01:52:52.687506,Tarjeta de crédito,1,78.65,16.4,0.8,94.25,Pendiente,,Ab officia eius perspiciatis odit nisi deleniti dignissimos.
VENT0144,CLI00230,2024-02-23 09:42:08.151054,Tarjeta de débito,9,554.35,37.62,22.18,569.79,Entregado,2024-02-23 09:42:08.151054,
VENT0145,CLI00295,2023-08-04 13:07:56.538649,Efectivo,8,610.11,61.52,24.66,646.97,Pendiente,,
VENT0146,CLI00168,2025-02-15 16:40:50.044466,Tarjeta de débito,7,618.45,62.07,16.77,663.75,Entregado,2025-02-15 16:40:50.044466,
VENT0147,CLI00182,2023-11-17 07:00:15.542666,Efectivo,10,570.51,35.73,19.35,586.89,Entregado,2023-11-17 07:00:15.542666,
VENT0148,CLI00168,2024-03-12 05:46:11.895671,Tarjeta de crédito,2,235.68,18.01,8.53,245.16,Entregado,2024-03-12 05:46:11.895671,
VENT0149,CLI00468,2023-10-03 04:42:10.073686,Transferencia bancaria,6,531.04,53.18,10.76,573.46,Entregado,2023-10-03 04:42:10.073686,Soluta harum fugit itaque qui qui rem quae.
VENT0150,CLI00199,2024-09-07 23:23:15.306404,Transferencia bancaria,2,186.06,21.17,5.2,202.03,Entregado,2024-09-07 23:23:15.306404,
VENT0151,CLI00406,2024-03-25 12:07:42.118833,Tarjeta de débito,6,409.32,41.96,17.61,433.67,Entregado,2024-03-25 12:07:42.118833,
VENT0152,CLI00077,2024-04-17 04:08:19.815618,Efectivo,8,438.59,43.53,13.19,468.93,Pendiente,,
VENT0153,CLI00348,2023-11-24 17:24:41.243046,Efectivo,10,679.13,58.75,21.98,715.9,Cancelado,2023-11-24 17:24:41.243046,
VENT0154,CLI00378,2024-10-31 03:56:27.696833,Transferencia bancaria,5,269.27,18.96,12.11,276.12,Entregado,2024-10-31 03:56:27.696833,
VENT0155,CLI00363,2023-09-15 15:53:55.372496,Tarjeta de crédito,8,432.62,31.1,21.61,442.11,Entregado,2023-09-15 15:53:55.372496,
VENT0156,CLI00394,2023-11-13 13:01:52.042117,Transferencia bancaria,5,288.26,30.59,19.36,299.49,Cancelado,2023-11-13 13:01:52.042117,
VENT0157,CLI00264,2024-03-07 08:50:48.973002,Tarjeta de débito,7,418.44,27.0,16.22,429.22,Entregado,2024-03-07 08:50:48.973002,
VENT0158,CLI00477,2025-01-18 21:15:55.139706,Efectivo,8,620.11,58.24,16.01,662.34,Entregado,2025-01-18 21:15:55.139706,
VENT0159,CLI00491,2023-06-24 08:08:52.598035,Tarjeta de débito,10,552.5,51.13,23.2,580.43,Entregado,2023-06-24 08:08:52.598035,
VENT0160,CLI00485,2024-07-24 22:18:19.665984,Efectivo,4,256.0,14.82,4.08,266.74,Entregado,2024-07-24 22:18:19.665984,
VENT0161,CLI00111,2025-02-11 09:07:22.904426,Efectivo,10,610.51,47.33,24.19,633.65,Entregado,2025-02-11 09:07:22.904426,
VENT0162,CLI00227,2024-12-15 10:35:57.024731,Tarjeta de débito,2,173.25,12.27,2.24,183.28,Entregado,2024-12-15 10:35:57.024731,
VENT0163,CLI00438,2024-08-20 14:06:09.355208,Transferencia bancaria,5,418.78,35.74,14.61,439.91,Entregado,2024-08-20 14:06:09.355208,Consectetur mollitia provident quidem incidunt excepturi.
VENT0164,CLI00479,2024-08-20 15:54:21.746425,Transferencia bancaria,7,463.95,43.59,25.32,482.22,Entregado,2024-08-20 15:54:21.746425,
VENT0165,CLI00188,2025-03-12 20:16:29.918702,Efectivo,7,574.42,46.77,17.28,603.91,Cancelado,2025-03-12 20:16:29.918702,
VENT0166,CLI00158,2024-01-15 05:57:39.769217,Efectivo,8,813.73,52.77,21.48,845.02,Entregado,2024-01-15 05:57:39.769217,
VENT0167,CLI00451,2023-06-22 00:08:53.007373,Transferencia bancaria,10,520.33,38.36,23.95,534.74,Entregado,2023-06-22 00:08:53.007373,
VENT0168,CLI00213,2024-11-03 07:15:30.549022,Tarjeta de débito,4,250.3,27.8,10.06,268.04,Entregado,2024-11-03 07:15:30.549022,
VENT0169,CLI00059,2023-05-31 23:41:34.208081,Efectivo,6,454.31,53.81,15.07,493.05,Entregado,2023-05-31 23:41:34.208081,
VENT0170,CLI00265,2024-11-10 17:09:29.531924,Tarjeta de crédito,5,267.06,18.26,7.22,278.1,Cancelado,2024-11-10 17:09:29.531924,
VENT0171,CLI00260,2024-07-26 01:22:34.198098,Transferencia bancaria,1,17.05,1.65,0.49,18.21,Entregado,2024-07-26 01:22:34.198098,
VENT0172,CLI00007,2023-08-10 11:53:26.614567,Efectivo,2,151.45,16.61,4.07,163.99,Entregado,2023-08-10 11:53:26.614567,Alias blanditiis odio explicabo quidem ad dolor hic quia architecto voluptate.
VENT0173,CLI00115,2025-03-12 01:04:06.428018,Transferencia bancaria,1,54.28,6.92,0.65,60.55,Entregado,2025-03-12 01:04:06.428018,Quia exercitationem possimus et cum reprehenderit voluptatem esse amet fuga.
VENT0174,CLI00334,2025-03-22 11:52:22.510333,Transferencia bancaria,7,758.78,81.92,23.87,816.83,Entregado,2025-03-22 11:52:22.510333,
VENT0175,CLI00171,2024-01-05 23:32:21.709885,Transferencia bancaria,8,553.87,45.79,12.74,586.92,Entregado,2024-01-05 23:32:21.709885,
VENT0176,CLI00339,2024-03-10 15:49:52.397004,Efectivo,5,310.81,25.65,8.15,328.31,Entregado,2024-03-10 15:49:52.397004,
VENT0177,CLI00187,2023-11-03 11:12:21.261996,Efectivo,8,682.23,62.67,21.25,723.65,Entregado,2023-11-03 11:12:21.261996,
VENT0178,CLI00244,2024-12-15 16:18:11.644223,Transferencia bancaria,8,484.68,37.26,22.6,499.34,Entregado,2024-12-15 16:18:11.644223,
VENT0179,CLI00035,2025-05-15 16:58:20.265717,Tarjeta de débito,6,490.75,29.07,8.41,511.41,Entregado,2025-05-15 16:58:20.265717,
VENT0180,CLI00061,2024-05-10 18:17:58.391697,Tarjeta de crédito,9,565.91,38.88,22.81,581.98,Pendiente,,
VENT0181,CLI00342,2024-01-14 11:29:58.508511,Tarjeta de débito,10,638.34,68.09,30.57,675.86,Entregado,2024-01-14 11:29:58.508511,
VENT0182,CLI00258,2023-12-17 12:53:24.616440,Tarjeta de débito,4,247.3,21.89,15.71,253.48,Entregado,2023-12-17 12:53:24.616440,
VENT0183,CLI00436,2024-09-10 19:27:13.523592,Tarjeta de crédito,9,488.53,42.58,20.27,510.84,Pendiente,,
VENT0184,CLI00109,2023-07-21 03:47:08.270340,Tarjeta de crédito,6,302.13,28.97,18.32,312.78,Entregado,2023-07-21 03:47:08.270340,Dolore cumque deleniti nisi optio harum suscipit veniam.
VENT0185,CLI00331,2025-03-03 20:00:20.081247,Tarjeta de crédito,9,635.13,46.52,22.68,658.97,Entregado,2025-03-03 20:00:20.081247,
VENT0186,CLI00479,2024-07-16 17:50:53.419901,Transferencia bancaria,10,683.14,77.38,28.1,732.42,Entregado,2024-07-16 17:50:53.419901,Nostrum occaecati ducimus qui sint explicabo.
VENT0187,CLI00333,2023-07-05 10:34:10.445852,Efectivo,9,823.96,67.1,21.11,869.95,Pendiente,,Laboriosam sunt quidem ullam officiis laboriosam.
VENT0188,CLI00194,2023-09-16 07:16:52.251483,Transferencia bancaria,8,596.97,45.98,18.73,624.22,Entregado,2023-09-16 07:16:52.251483,
VENT0189,CLI00436,2025-05-14 21:42:38.727499,Efectivo,4,336.65,19.27,8.72,347.2,Cancelado,2025-05-14 21:42:38.727499,
VENT0190,CLI00054,2024-03-01 15:55:40.210061,Tarjeta de débito,9,668.12,60.86,23.19,705.79,Entregado,2024-03-01 15:55:40.210061,
VENT0191,CLI00148,2024-07-22 01:46:57.873899,Tarjeta de débito,7,535.37,49.82,18.76,566.43,Entregado,2024-07-22 01:46:57.873899,Rem quae neque sint deserunt corporis labore odio neque quod.
VENT0192,CLI00135,2024-04-15 09:32:23.634728,Tarjeta de débito,6,246.75,25.48,20.94,251.29,Entregado,2024-04-15 09:32:23.634728,
VENT0193,CLI00319,2024-12-31 20:21:24.106258,Tarjeta de crédito,4,185.35,19.98,7.95,197.38,Entregado,2024-12-31 20:21:24.106258,
VENT0194,CLI00489,2023-06-06 05:38:53.180271,Tarjeta de débito,3,242.4,19.45,7.16,254.69,Entregado,2023-06-06 05:38:53.180271,Hic accusamus culpa voluptatem.
VENT0195,CLI00488,2023-12-21 20:59:32.997523,Transferencia bancaria,7,342.89,35.99,17.57,361.31,Cancelado,2023-12-21 20:59:32.997523,
VENT0196,CLI00081,2023-08-11 09:34:52.751227,Tarjeta de crédito,8,687.33,57.23,22.77,721.79,Pendiente,,Architecto dolores voluptates quod delectus nemo voluptas consectetur rerum.
VENT0197,CLI00255,2023-10-11 22:50:56.350671,Tarjeta de crédito,6,324.24,32.98,18.16,339.06,Entregado,2023-10-11 22:50:56.350671,Error quo et suscipit similique consequuntur inventore autem.
VENT0198,CLI00058,2024-07-20 08:11:38.961003,Transferencia bancaria,2,65.56,8.3,3.27,70.59,Cancelado,2024-07-20 08:11:38.961003,Quis tenetur fugiat nihil veritatis.
VENT0199,CLI00290,2024-09-13 01:27:08.928905,Efectivo,1,17.31,3.38,2.91,17.78,Entregado,2024-09-13 01:27:08.928905,
VENT0200,CLI00043,2024-10-05 15:10:37.754888,Transferencia bancaria,5,243.85,31.03,14.2,260.68,Entregado,2024-10-05 15:10:37.754888,
VENT0201,CLI00375,2024-10-21 22:16:46.063669,Transferencia bancaria,3,265.35,21.92,5.11,282.16,Entregado,2024-10-21 22:16:46.063669,
VENT0202,CLI00266,2023-10-22 22:15:53.335029,Transferencia bancaria,10,691.94,56.15,15.1,732.99,Entregado,2023-10-22 22:15:53.335029,
VENT0203,CLI00221,2025-01-29 14:21:13.505629,Transferencia bancaria,9,588.68,42.73,21.78,609.63,Entregado,2025-01-29 14:21:13.505629,Ducimus atque architecto itaque tempore dolorum.
VENT0204,CLI00141,2025-04-11 01:27:58.724506,Tarjeta de crédito,5,224.1,22.27,7.0,239.37,Entregado,2025-04-11 01:27:58.724506,
VENT0205,CLI00101,2023-09-15 08:23:08.770388,Efectivo,3,167.53,12.84,7.42,172.95,Entregado,2023-09-15 08:23:08.770388,
VENT0206,CLI00137,2024-01-12 11:04:10.719862,Transferencia bancaria,8,476.73,56.4,15.85,517.28,Cancelado,2024-01-12 11:04:10.719862,Aperiam vel provident eaque vitae eveniet sapiente aperiam.
VENT0207,CLI00386,2024-10-17 15:36:27.231788,Efectivo,8,404.77,51.88,15.13,441.52,Entregado,2024-10-17 15:36:27.231788,
VENT0208,CLI00259,2024-12-04 11:07:14.498690,Tarjeta de débito,5,287.74,15.61,12.18,291.17,Entregado,2024-12-04 11:07:14.498690,
VENT0209,CLI00115,2024-11-20 21:44:57.288964,Transferencia bancaria,7,555.28,43.47,14.98,583.77,Pendiente,,
VENT0210,CLI00161,2024-02-11 06:13:44.820283,Efectivo,8,611.08,53.37,17.11,647.34,Entregado,2024-02-11 06:13:44.820283,
VENT0211,CLI00054,2024-05-21 02:49:46.949819,Tarjeta de crédito,6,384.0,33.53,17.24,400.29,Entregado,2024-05-21 02:49:46.949819,Aliquid esse magnam est molestiae qui labore tempora.
VENT0212,CLI00473,2023-11-04 21:41:01.046363,Tarjeta de débito,10,522.28,56.52,23.9,554.9,Entregado,2023-11-04 21:41:01.046363,
VENT0213,CLI00011,2024-06-25 21:03:39.606786,Tarjeta de crédito,2,122.03,16.46,2.78,135.71,Entregado,2024-06-25 21:03:39.606786,
VENT0214,CLI00130,2023-09-28 00:49:44.992283,Tarjeta de crédito,10,672.6,60.46,22.01,711.05,Pendiente,,
VENT0215,CLI00398,2024-04-03 02:29:31.666339,Transferencia bancaria,10,592.54,64.66,24.19,633.01,Entregado,2024-04-03 02:29:31.666339,
VENT0216,CLI00405,2023-07-06 21:36:10.323968,Tarjeta de crédito,9,570.85,53.76,16.63,607.98,Pendiente,,Velit quam voluptatum perferendis amet occaecati sed.
VENT0217,CLI00492,2025-05-08 07:32:52.120189,Transferencia bancaria,9,516.53,44.13,24.69,535.97,Entregado,2025-05-08 07:32:52.120189,
VENT0218,CLI00079,2024-11-14 10:03:30.745670,Tarjeta de débito,1,62.92,13.12,2.5,73.54,Entregado,2024-11-14 10:03:30.745670,Quam laborum incidunt dicta praesentium blanditiis cum.
VENT0219,CLI00297,2024-06-25 08:40:43.790205,Transferencia bancaria,4,184.41,21.3,13.75,191.96,Entregado,2024-06-25 08:40:43.790205,
VENT0220,CLI00224,2023-08-25 12:57:32.391364,Tarjeta de débito,3,207.96,13.32,9.7,211.58,Entregado,2023-08-25 12:57:32.391364,
VENT0221,CLI00490,2024-04-09 13:46:20.423033,Tarjeta de débito,10,721.42,65.48,29.64,757.26,Entregado,2024-04-09 13:46:20.423033,Rem fugit sint quo quis sequi at nisi omnis harum.
VENT0222,CLI00024,2024-01-21 04:10:37.956409,Tarjeta de crédito,10,553.53,57.27,30.98,579.82,Pendiente,,Laboriosam alias nesciunt in alias adipisci amet neque.
VENT0223,CLI00347,2025-01-27 12:06:07.233265,Tarjeta de crédito,3,276.05,12.07,7.48,280.64,Entregado,2025-01-27 12:06:07.233265,
VENT0224,CLI00050,2025-01-06 10:57:30.198390,Tarjeta de crédito,4,290.7,21.85,15.94,296.61,Entregado,2025-01-06 10:57:30.198390,Reprehenderit sit quis vel ea at autem consequatur voluptatum.
VENT0225,CLI00472,2023-06-15 11:48:24.526798,Tarjeta de débito,6,498.14,50.54,15.68,533.0,Entregado,2023-06-15 11:48:24.526798,Quidem corporis voluptatem atque delectus in aperiam quisquam ducimus.
VENT0226,CLI00220,2023-12-22 05:00:38.617455,Transferencia bancaria,8,336.99,34.48,24.31,347.16,Entregado,2023-12-22 05:00:38.617455,Aliquid possimus ea ipsum corporis veritatis ad.
VENT0227,CLI00350,2023-08-18 10:13:10.419419,Efectivo,9,397.58,33.88,18.73,412.73,Entregado,2023-08-18 10:13:10.419419,
VENT0228,CLI00221,2023-10-28 17:59:36.987822,Efectivo,1,84.64,6.64,4.04,87.24,Entregado,2023-10-28 17:59:36.987822,
VENT0229,CLI00074,2024-02-20 07:11:46.590615,Transferencia bancaria,7,502.79,57.76,17.29,543.26,Cancelado,2024-02-20 07:11:46.590615,
VENT0230,CLI00490,2025-03-02 05:50:25.190247,Efectivo,8,270.98,25.77,18.51,278.24,Entregado,2025-03-02 05:50:25.190247,
VENT0231,CLI00271,2025-02-03 18:32:34.066788,Tarjeta de débito,7,412.02,39.69,12.05,439.66,Entregado,2025-02-03 18:32:34.066788,
VENT0232,CLI00390,2023-12-20 07:15:44.497616,Tarjeta de crédito,9,728.53,75.3,19.14,784.69,Entregado,2023-12-20 07:15:44.497616,
VENT0233,CLI00018,2024-11-19 18:54:59.679284,Transferencia bancaria,1,95.4,13.56,3.78,105.18,Entregado,2024-11-19 18:54:59.679284,
VENT0234,CLI00123,2024-08-17 19:28:26.664992,Efectivo,3,317.12,30.62,5.31,342.43,Cancelado,2024-08-17 19:28:26.664992,
VENT0235,CLI00059,2023-11-26 22:34:13.234477,Tarjeta de débito,4,292.96,20.01,9.63,303.34,Entregado,2023-11-26 22:34:13.234477,
VENT0236,CLI00472,2024-04-05 06:29:35.700829,Efectivo,5,311.33,21.17,7.4,325.1,Entregado,2024-04-05 06:29:35.700829,
VENT0237,CLI00328,2025-05-21 05:41:24.920181,Tarjeta de débito,2,138.27,9.33,6.12,141.48,Entregado,2025-05-21 05:41:24.920181,
VENT0238,CLI00217,2024-11-02 05:54:34.015544,Tarjeta de crédito,2,37.05,4.12,7.47,33.7,Pendiente,,
VENT0239,CLI00416,2025-04-01 19:24:26.221940,Efectivo,4,298.43,24.66,10.44,312.65,Pendiente,,Molestias veritatis voluptatibus nulla occaecati reiciendis provident hic.
VENT0240,CLI00312,2023-12-10 04:58:33.510062,Tarjeta de débito,3,184.3,16.14,11.92,188.52,Cancelado,2023-12-10 04:58:33.510062,
VENT0241,CLI00328,2025-03-25 03:33:53.075787,Transferencia bancaria,4,309.82,30.36,15.57,324.61,Entregado,2025-03-25 03:33:53.075787,
VENT0242,CLI00420,2025-04-19 20:31:59.054792,Transferencia bancaria,2,112.14,14.83,7.77,119.2,Entregado,2025-04-19 20:31:59.054792,
VENT0243,CLI00277,2024-05-19 06:34:11.635166,Tarjeta de crédito,1,111.52,11.28,0.12,122.68,Cancelado,2024-05-19 06:34:11.635166,
VENT0244,CLI00150,2024-10-07 08:19:57.788175,Transferencia bancaria,5,424.71,44.64,11.74,457.61,Pendiente,,Corrupti facilis quisquam modi nihil tenetur dolor laborum.
VENT0245,CLI00118,2024-08-11 23:28:45.100897,Transferencia bancaria,4,175.83,13.16,7.22,181.77,Entregado,2024-08-11 23:28:45.100897,
VENT0246,CLI00461,2025-01-16 04:39:34.343570,Transferencia bancaria,2,117.78,5.63,6.02,117.39,Entregado,2025-01-16 04:39:34.343570,Voluptatum harum fugiat accusantium repudiandae dicta sequi voluptas.
VENT0247,CLI00394,2023-12-16 22:45:09.030777,Transferencia bancaria,8,621.51,70.19,18.56,673.14,Entregado,2023-12-16 22:45:09.030777,
VENT0248,CLI00434,2023-06-23 21:59:36.747701,Tarjeta de débito,4,233.72,26.09,7.77,252.04,Entregado,2023-06-23 21:59:36.747701,
VENT0249,CLI00286,2023-12-02 05:18:11.091645,Efectivo,5,225.33,29.72,13.68,241.37,Entregado,2023-12-02 05:18:11.091645,Illo dolore eveniet officia hic deleniti excepturi eum suscipit excepturi.
VENT0250,CLI00036,2023-05-29 17:11:11.305720,Tarjeta de crédito,10,547.31,47.18,23.19,571.3,Pendiente,,Rem autem quam dignissimos quod.
VENT0251,CLI00169,2025-04-21 18:33:23.667238,Tarjeta de débito,6,294.99,36.73,14.89,316.83,Entregado,2025-04-21 18:33:23.667238,
VENT0252,CLI00234,2024-07-09 23:33:41.603730,Efectivo,7,363.7,33.96,18.45,379.21,Cancelado,2024-07-09 23:33:41.603730,Nemo suscipit doloribus omnis reprehenderit id maiores dolorum temporibus distinctio.
VENT0253,CLI00270,2025-02-09 11:00:54.973688,Transferencia bancaria,5,261.89,17.29,8.95,270.23,Cancelado,2025-02-09 11:00:54.973688,
VENT0254,CLI00287,2025-02-01 04:38:46.473700,Efectivo,5,383.7,32.97,14.07,402.6,Entregado,2025-02-01 04:38:46.473700,
VENT0255,CLI00324,2023-11-20 19:25:21.566928,Tarjeta de crédito,10,423.67,31.73,22.99,432.41,Entregado,2023-11-20 19:25:21.566928,
VENT0256,CLI00142,2024-04-10 10:36:46.630458,Tarjeta de débito,1,21.09,2.11,2.74,20.46,Entregado,2024-04-10 10:36:46.630458,
VENT0257,CLI00233,2024-09-20 03:14:30.429418,Tarjeta de débito,5,343.74,29.21,16.27,356.68,Pendiente,,
VENT0258,CLI00121,2025-01-03 14:32:34.309493,Efectivo,6,503.24,37.65,6.78,534.11,Entregado,2025-01-03 14:32:34.309493,
VENT0259,CLI00430,2023-08-30 15:03:39.565460,Efectivo,7,428.63,34.63,21.64,441.62,Entregado,2023-08-30 15:03:39.565460,
VENT0260,CLI00424,2025-01-06 19:08:21.087188,Efectivo,1,104.2,12.45,4.47,112.18,Entregado,2025-01-06 19:08:21.087188,Officiis necessitatibus ex tempora provident quam alias cumque rem assumenda.
VENT0261,CLI00028,2025-04-09 20:49:11.585084,Transferencia bancaria,7,477.4,35.44,19.6,493.24,Entregado,2025-04-09 20:49:11.585084,
VENT0262,CLI00143,2025-04-16 06:38:13.001463,Tarjeta de débito,1,49.17,8.61,3.36,54.42,Entregado,2025-04-16 06:38:13.001463,Accusantium dolore consectetur perferendis impedit culpa.
VENT0263,CLI00002,2025-02-03 07:13:02.204895,Tarjeta de crédito,5,389.68,39.78,11.1,418.36,Entregado,2025-02-03 07:13:02.204895,
VENT0264,CLI00483,2024-10-28 22:52:46.511548,Tarjeta de crédito,4,144.27,12.26,11.78,144.75,Entregado,2024-10-28 22:52:46.511548,Minima beatae culpa occaecati est corporis.
VENT0265,CLI00192,2023-12-07 21:18:05.702189,Tarjeta de crédito,1,63.03,2.58,0.68,64.93,Cancelado,2023-12-07 21:18:05.702189,
VENT0266,CLI00089,2024-10-20 11:19:40.206522,Efectivo,4,308.16,19.62,6.03,321.75,Entregado,2024-10-20 11:19:40.206522,
VENT0267,CLI00213,2024-02-13 23:51:41.986004,Tarjeta de crédito,9,616.42,43.61,27.22,632.81,Entregado,2024-02-13 23:51:41.986004,
VENT0268,CLI00254,2024-12-02 00:42:14.417712,Tarjeta de débito,1,16.53,1.0,0.8,16.73,Entregado,2024-12-02 00:42:14.417712,
VENT0269,CLI00282,2025-03-13 19:05:27.904452,Tarjeta de crédito,6,452.14,55.59,11.0,496.73,Entregado,2025-03-13 19:05:27.904452,Vel consectetur fugiat aspernatur beatae quis harum.
VENT0270,CLI00327,2023-06-07 15:55:27.724402,Tarjeta de débito,6,445.46,31.4,12.77,464.09,Entregado,2023-06-07 15:55:27.724402,
VENT0271,CLI00475,2024-02-03 18:41:47.137768,Tarjeta de crédito,3,244.08,23.69,2.77,265.0,Entregado,2024-02-03 18:41:47.137768,
VENT0272,CLI00198,2023-06-02 09:18:26.866622,Tarjeta de débito,9,700.55,63.68,18.41,745.82,Entregado,2023-06-02 09:18:26.866622,
VENT0273,CLI00233,2023-11-09 09:05:39.023409,Efectivo,3,201.9,15.8,4.61,213.09,Entregado,2023-11-09 09:05:39.023409,
VENT0274,CLI00496,2023-09-04 06:04:27.241729,Tarjeta de crédito,4,246.71,23.04,14.77,254.98,Entregado,2023-09-04 06:04:27.241729,Eos recusandae corporis soluta itaque eos aperiam.
VENT0275,CLI00134,2024-02-14 05:13:32.840632,Tarjeta de débito,9,468.02,47.17,21.67,493.52,Entregado,2024-02-14 05:13:32.840632,
VENT0276,CLI00184,2024-05-24 00:35:35.155112,Transferencia bancaria,4,316.57,29.67,10.68,335.56,Entregado,2024-05-24 00:35:35.155112,
VENT0277,CLI00235,2023-12-16 07:27:32.327199,Tarjeta de débito,10,906.76,55.02,29.11,932.67,Entregado,2023-12-16 07:27:32.327199,
VENT0278,CLI00319,2023-06-09 17:31:20.598031,Efectivo,5,224.04,23.06,13.91,233.19,Entregado,2023-06-09 17:31:20.598031,
VENT0279,CLI00033,2025-01-20 23:32:28.913366,Efectivo,2,160.44,11.52,9.64,162.32,Entregado,2025-01-20 23:32:28.913366,
VENT0280,CLI00086,2024-06-15 14:43:58.847323,Tarjeta de débito,4,237.51,30.63,7.97,260.17,Entregado,2024-06-15 14:43:58.847323,
VENT0281,CLI00424,2025-02-20 15:31:16.798432,Tarjeta de crédito,1,122.96,13.72,2.1,134.58,Pendiente,,
VENT0282,CLI00498,2024-06-26 02:44:39.044840,Efectivo,8,482.61,32.59,20.48,494.72,Cancelado,2024-06-26 02:44:39.044840,Tenetur optio cupiditate ipsa ducimus quam eaque veritatis mollitia.
VENT0283,CLI00358,2024-11-15 09:08:50.365274,Transferencia bancaria,5,321.83,16.21,11.17,326.87,Entregado,2024-11-15 09:08:50.365274,At id labore officiis accusamus.
VENT0284,CLI00356,2024-04-28 13:22:03.823845,Transferencia bancaria,10,590.92,49.01,28.14,611.79,Entregado,2024-04-28 13:22:03.823845,
VENT0285,CLI00324,2023-10-09 12:48:50.985061,Transferencia bancaria,6,346.13,24.8,12.97,357.96,Entregado,2023-10-09 12:48:50.985061,
VENT0286,CLI00382,2023-06-29 19:21:06.306484,Tarjeta de débito,5,230.54,20.4,12.78,238.16,Entregado,2023-06-29 19:21:06.306484,
VENT0287,CLI00369,2024-04-11 10:29:50.980166,Tarjeta de débito,3,128.67,13.73,10.52,131.88,Entregado,2024-04-11 10:29:50.980166,
VENT0288,CLI00360,2024-03-27 04:03:46.225283,Transferencia bancaria,3,314.04,26.48,3.27,337.25,Entregado,2024-03-27 04:03:46.225283,
VENT0289,CLI00421,2023-08-18 04:45:10.406977,Tarjeta de débito,5,424.27,21.36,13.53,432.1,Cancelado,2023-08-18 04:45:10.406977,
VENT0290,CLI00079,2024-07-22 01:54:17.091772,Transferencia bancaria,2,153.19,12.49,5.09,160.59,Pendiente,,Recusandae molestiae velit nemo ad quasi magni.
VENT0291,CLI00149,2025-05-08 02:30:53.009284,Tarjeta de débito,3,174.42,15.42,2.57,187.27,Entregado,2025-05-08 02:30:53.009284,
VENT0292,CLI00122,2023-06-30 06:28:38.528106,Tarjeta de crédito,7,431.96,22.57,12.26,442.27,Entregado,2023-06-30 06:28:38.528106,Distinctio explicabo laborum consequuntur laboriosam suscipit labore deserunt.
VENT0293,CLI00310,2024-04-28 01:08:51.323688,Efectivo,5,359.23,36.86,11.93,384.16,Entregado,2024-04-28 01:08:51.323688,
VENT0294,CLI00407,2023-08-01 17:31:59.498689,Tarjeta de débito,1,63.66,8.46,4.01,68.11,Entregado,2023-08-01 17:31:59.498689,Suscipit impedit illum necessitatibus fugit nulla reprehenderit adipisci molestiae unde.
VENT0295,CLI00317,2025-02-14 08:33:59.984599,Tarjeta de débito,9,542.96,39.76,17.14,565.58,Entregado,2025-02-14 08:33:59.984599,
VENT0296,CLI00109,2024-09-06 16:53:47.346191,Tarjeta de débito,3,216.31,20.74,8.6,228.45,Entregado,2024-09-06 16:53:47.346191,
VENT0297,CLI00023,2025-02-27 08:05:50.624952,Tarjeta de débito,10,862.0,65.14,23.8,903.34,Entregado,2025-02-27 08:05:50.624952,
VENT0298,CLI00075,2024-11-02 18:44:41.031563,Transferencia bancaria,3,208.77,22.58,7.09,224.26,Entregado,2024-11-02 18:44:41.031563,
VENT0299,CLI00356,2024-02-08 00:50:05.150081,Tarjeta de crédito,10,451.15,46.92,28.8,469.27,Entregado,2024-02-08 00:50:05.150081,
VENT0300,CLI00348,2024-04-08 14:04:35.069311,Tarjeta de crédito,1,28.89,2.78,2.25,29.42,Entregado,2024-04-08 14:04:35.069311,
VENT0301,CLI00038,2024-10-22 18:15:44.590030,Efectivo,8,492.69,47.93,26.11,514.51,Entregado,2024-10-22 18:15:44.590030,
VENT0302,CLI00039,2025-02-27 10:29:21.532122,Tarjeta de crédito,5,243.87,23.65,9.77,257.75,Entregado,2025-02-27 10:29:21.532122,
VENT0303,CLI00134,2024-03-27 07:39:44.316356,Tarjeta de crédito,9,658.28,59.03,24.92,692.39,Entregado,2024-03-27 07:39:44.316356,
VENT0304,CLI00169,2023-10-18 10:48:41.805401,Efectivo,5,290.09,27.6,12.98,304.71,Entregado,2023-10-18 10:48:41.805401,Autem velit rem architecto doloremque earum earum perspiciatis fugiat.
VENT0305,CLI00094,2023-09-09 23:13:31.147121,Efectivo,5,299.53,38.35,9.81,328.07,Entregado,2023-09-09 23:13:31.147121,
VENT0306,CLI00261,2023-08-04 02:30:44.949875,Efectivo,1,59.88,8.24,1.73,66.39,Entregado,2023-08-04 02:30:44.949875,
VENT0307,CLI00305,2024-06-26 23:41:24.064287,Tarjeta de débito,7,501.24,47.32,14.84,533.72,Entregado,2024-06-26 23:41:24.064287,
VENT0308,CLI00196,2023-10-22 20:26:33.537669,Tarjeta de crédito,5,287.49,22.43,10.57,299.35,Entregado,2023-10-22 20:26:33.537669,Nihil labore sapiente dolore amet corporis.
VENT0309,CLI00120,2024-02-09 14:54:46.378040,Tarjeta de crédito,5,287.22,44.74,7.81,324.15,Entregado,2024-02-09 14:54:46.378040,
VENT0310,CLI00117,2024-03-01 01:13:16.329205,Tarjeta de débito,2,159.93,4.56,2.69,161.8,Entregado,2024-03-01 01:13:16.329205,Quisquam molestiae cum aperiam ullam excepturi vero totam ut.
VENT0311,CLI00301,2024-08-29 08:02:07.852630,Tarjeta de crédito,1,25.5,2.06,4.09,23.47,Entregado,2024-08-29 08:02:07.852630,
VENT0312,CLI00016,2023-10-02 18:21:42.514023,Tarjeta de débito,1,15.7,1.22,3.43,13.49,Entregado,2023-10-02 18:21:42.514023,
VENT0313,CLI00067,2024-12-19 00:08:33.183422,Efectivo,5,383.69,39.25,15.76,407.18,Entregado,2024-12-19 00:08:33.183422,
VENT0314,CLI00002,2024-07-24 22:59:38.621720,Transferencia bancaria,10,674.21,58.63,21.21,711.63,Entregado,2024-07-24 22:59:38.621720,
VENT0315,CLI00218,2023-06-19 11:30:44.877837,Transferencia bancaria,9,542.94,56.69,25.67,573.96,Entregado,2023-06-19 11:30:44.877837,
VENT0316,CLI00356,2023-07-31 16:45:31.537982,Efectivo,8,341.68,27.66,21.68,347.66,Cancelado,2023-07-31 16:45:31.537982,
VENT0317,CLI00396,2024-08-10 17:38:18.690704,Tarjeta de crédito,2,99.0,8.54,7.42,100.12,Entregado,2024-08-10 17:38:18.690704,
VENT0318,CLI00012,2023-09-25 04:26:25.560055,Transferencia bancaria,8,539.63,55.92,22.36,573.19,Entregado,2023-09-25 04:26:25.560055,
VENT0319,CLI00208,2024-05-17 16:54:35.412687,Efectivo,9,571.68,49.59,25.09,596.18,Cancelado,2024-05-17 16:54:35.412687,
VENT0320,CLI00305,2024-03-19 05:16:48.340890,Transferencia bancaria,5,252.8,27.63,21.32,259.11,Cancelado,2024-03-19 05:16:48.340890,
VENT0321,CLI00433,2024-04-01 04:20:35.871088,Tarjeta de crédito,9,612.18,57.32,21.0,648.5,Entregado,2024-04-01 04:20:35.871088,Dignissimos amet repudiandae doloribus hic fuga eum optio.
VENT0322,CLI00282,2024-01-12 13:42:09.923375,Tarjeta de crédito,10,642.29,61.09,24.58,678.8,Cancelado,2024-01-12 13:42:09.923375,
VENT0323,CLI00378,2023-12-05 07:18:48.656883,Efectivo,10,550.42,55.15,23.14,582.43,Entregado,2023-12-05 07:18:48.656883,
VENT0324,CLI00322,2024-02-22 17:10:07.886813,Tarjeta de crédito,8,517.19,76.47,23.69,569.97,Entregado,2024-02-22 17:10:07.886813,
VENT0325,CLI00300,2024-06-27 17:32:08.397706,Tarjeta de crédito,1,105.65,17.0,4.49,118.16,Entregado,2024-06-27 17:32:08.397706,
VENT0326,CLI00023,2023-07-01 07:50:16.073147,Efectivo,4,221.24,24.39,14.15,231.48,Entregado,2023-07-01 07:50:16.073147,
VENT0327,CLI00091,2025-02-08 23:33:07.722986,Transferencia bancaria,1,58.74,1.72,0.65,59.81,Entregado,2025-02-08 23:33:07.722986,
VENT0328,CLI00170,2024-07-08 15:02:57.553951,Tarjeta de débito,1,63.44,2.72,3.37,62.79,Entregado,2024-07-08 15:02:57.553951,
VENT0329,CLI00469,2024-10-30 22:46:43.368868,Transferencia bancaria,7,571.89,57.91,22.43,607.37,Entregado,2024-10-30 22:46:43.368868,
VENT0330,CLI00413,2024-07-26 10:01:33.314867,Transferencia bancaria,10,692.09,64.49,31.03,725.55,Pendiente,,
VENT0331,CLI00168,2023-05-30 22:00:18.983109,Efectivo,3,71.39,5.88,3.73,73.54,Entregado,2023-05-30 22:00:18.983109,
VENT0332,CLI00256,2024-10-17 20:57:37.955007,Tarjeta de crédito,8,477.27,46.75,20.51,503.51,Entregado,2024-10-17 20:57:37.955007,
VENT0333,CLI00388,2024-06-04 13:35:20.073558,Efectivo,3,112.96,16.57,8.17,121.36,Entregado,2024-06-04 13:35:20.073558,Voluptatum placeat mollitia distinctio iusto tempore quisquam atque illo.
VENT0334,CLI00104,2024-06-27 20:45:51.141761,Tarjeta de crédito,9,569.83,59.48,21.93,607.38,Entregado,2024-06-27 20:45:51.141761,Facere odio commodi excepturi reiciendis quidem natus deleniti.
VENT0335,CLI00500,2025-05-16 00:18:48.807657,Transferencia bancaria,6,490.16,45.18,14.43,520.91,Entregado,2025-05-16 00:18:48.807657,Labore animi praesentium accusamus itaque repellendus.
VENT0336,CLI00104,2025-01-14 09:06:35.922915,Efectivo,10,682.76,60.69,31.68,711.77,Entregado,2025-01-14 09:06:35.922915,
VENT0337,CLI00324,2024-07-17 02:48:43.406898,Transferencia bancaria,2,148.83,11.88,3.54,157.17,Entregado,2024-07-17 02:48:43.406898,
VENT0338,CLI00470,2024-11-27 11:40:37.722456,Efectivo,7,230.17,24.3,20.32,234.15,Entregado,2024-11-27 11:40:37.722456,
VENT0339,CLI00003,2024-10-20 15:17:51.256381,Efectivo,2,174.03,13.94,2.08,185.89,Entregado,2024-10-20 15:17:51.256381,
VENT0340,CLI00320,2023-08-11 15:47:06.488623,Transferencia bancaria,2,189.58,19.29,5.39,203.48,Entregado,2023-08-11 15:47:06.488623,Labore eum totam numquam vero ipsam repudiandae.
VENT0341,CLI00184,2023-10-15 16:16:39.051456,Tarjeta de crédito,7,382.67,25.04,17.73,389.98,Entregado,2023-10-15 16:16:39.051456,Id rem dicta porro sapiente.
VENT0342,CLI00237,2024-05-16 19:11:47.469803,Transferencia bancaria,1,113.15,5.4,0.04,118.51,Entregado,2024-05-16 19:11:47.469803,
VENT0343,CLI00028,2023-10-16 01:29:32.912619,Tarjeta de débito,10,725.55,71.12,21.68,774.99,Cancelado,2023-10-16 01:29:32.912619,
VENT0344,CLI00325,2024-07-07 00:46:46.418015,Tarjeta de crédito,9,460.35,36.7,22.38,474.67,Entregado,2024-07-07 00:46:46.418015,
VENT0345,CLI00216,2024-10-23 09:14:46.182140,Tarjeta de débito,2,65.04,8.08,4.82,68.3,Cancelado,2024-10-23 09:14:46.182140,
VENT0346,CLI00246,2024-03-11 04:11:59.666551,Transferencia bancaria,10,710.83,51.93,25.8,736.96,Entregado,2024-03-11 04:11:59.666551,
VENT0347,CLI00410,2023-12-26 03:14:14.794706,Tarjeta de crédito,5,345.3,20.1,11.07,354.33,Cancelado,2023-12-26 03:14:14.794706,
VENT0348,CLI00081,2024-06-23 21:23:01.806803,Tarjeta de débito,3,86.91,7.35,11.1,83.16,Cancelado,2024-06-23 21:23:01.806803,
VENT0349,CLI00159,2024-03-16 04:59:52.937211,Transferencia bancaria,7,543.85,49.43,15.96,577.32,Entregado,2024-03-16 04:59:52.937211,
VENT0350,CLI00365,2023-12-26 16:32:14.929919,Tarjeta de crédito,10,487.12,48.63,30.04,505.71,Entregado,2023-12-26 16:32:14.929919,
VENT0351,CLI00390,2025-03-08 06:07:41.686360,Efectivo,2,153.48,17.6,1.64,169.44,Entregado,2025-03-08 06:07:41.686360,
VENT0352,CLI00395,2023-06-27 19:01:29.909254,Efectivo,8,547.54,30.33,18.13,559.74,Entregado,2023-06-27 19:01:29.909254,Aliquid deleniti repudiandae maxime aliquid excepturi ratione aliquam.
VENT0353,CLI00459,2023-06-16 07:52:28.002652,Tarjeta de crédito,1,57.27,3.06,0.97,59.36,Cancelado,2023-06-16 07:52:28.002652,Qui sapiente sit repudiandae commodi.
VENT0354,CLI00070,2024-07-17 22:46:35.903924,Transferencia bancaria,4,403.04,30.97,12.38,421.63,Entregado,2024-07-17 22:46:35.903924,
VENT0355,CLI00433,2024-03-22 21:34:25.816472,Tarjeta de crédito,3,194.77,20.32,3.93,211.16,Pendiente,,
VENT0356,CLI00376,2024-06-04 06:15:42.942012,Tarjeta de débito,8,447.61,55.06,22.45,480.22,Entregado,2024-06-04 06:15:42.942012,
VENT0357,CLI00190,2024-05-05 16:27:52.835073,Efectivo,8,519.23,50.41,22.05,547.59,Entregado,2024-05-05 16:27:52.835073,Consectetur beatae voluptate itaque libero modi quos eum voluptatibus eos.
VENT0358,CLI00168,2024-12-25 03:50:48.019493,Tarjeta de débito,8,477.87,39.44,24.72,492.59,Entregado,2024-12-25 03:50:48.019493,
VENT0359,CLI00417,2024-05-24 07:35:12.026245,Tarjeta de crédito,3,211.9,14.11,6.52,219.49,Entregado,2024-05-24 07:35:12.026245,
VENT0360,CLI00294,2024-03-01 23:01:20.428217,Transferencia bancaria,2,92.44,3.86,2.31,93.99,Cancelado,2024-03-01 23:01:20.428217,
VENT0361,CLI00269,2024-10-11 08:37:34.076149,Tarjeta de crédito,2,71.97,7.62,7.28,72.31,Entregado,2024-10-11 08:37:34.076149,
VENT0362,CLI00215,2023-11-14 03:11:59.963181,Tarjeta de crédito,8,511.27,45.36,20.94,535.69,Entregado,2023-11-14 03:11:59.963181,
VENT0363,CLI00295,2024-02-07 22:33:04.820950,Tarjeta de crédito,4,373.59,30.15,9.31,394.43,Entregado,2024-02-07 22:33:04.820950,
VENT0364,CLI00315,2023-07-05 04:21:40.084226,Efectivo,10,926.48,84.67,19.38,991.77,Entregado,2023-07-05 04:21:40.084226,
VENT0365,CLI00487,2024-07-13 05:46:42.647614,Tarjeta de crédito,9,582.3,61.46,20.02,623.74,Entregado,2024-07-13 05:46:42.647614,
VENT0366,CLI00203,2023-11-30 23:49:18.105805,Tarjeta de débito,4,317.17,19.82,5.58,331.41,Cancelado,2023-11-30 23:49:18.105805,
VENT0367,CLI00054,2024-03-11 07:49:11.365771,Tarjeta de débito,2,105.1,16.38,5.94,115.54,Entregado,2024-03-11 07:49:11.365771,
VENT0368,CLI00224,2023-07-29 23:29:07.733418,Tarjeta de débito,10,632.81,50.4,22.7,660.51,Pendiente,,
VENT0369,CLI00211,2025-04-27 02:14:06.137725,Efectivo,7,419.14,34.33,15.56,437.91,Entregado,2025-04-27 02:14:06.137725,
VENT0370,CLI00434,2023-10-31 01:13:27.462467,Efectivo,4,192.4,25.61,14.14,203.87,Entregado,2023-10-31 01:13:27.462467,
VENT0371,CLI00286,2024-09-09 05:46:47.591225,Transferencia bancaria,10,616.45,65.3,20.32,661.43,Entregado,2024-09-09 05:46:47.591225,
VENT0372,CLI00055,2023-06-29 05:13:19.362652,Tarjeta de crédito,8,665.0,55.77,23.01,697.76,Entregado,2023-06-29 05:13:19.362652,
VENT0373,CLI00022,2024-05-07 21:09:07.934778,Tarjeta de crédito,4,279.64,18.29,15.16,282.77,Entregado,2024-05-07 21:09:07.934778,Similique magnam nam reiciendis itaque nulla.
VENT0374,CLI00395,2023-06-14 17:11:21.719652,Tarjeta de débito,5,202.37,16.39,17.86,200.9,Entregado,2023-06-14 17:11:21.719652,
VENT0375,CLI00236,2023-09-14 10:39:47.130137,Efectivo,10,527.34,41.95,23.99,545.3,Entregado,2023-09-14 10:39:47.130137,Ullam quasi nihil ut natus ipsum quasi minima.
VENT0376,CLI00145,2025-02-04 17:07:44.759225,Tarjeta de débito,5,329.83,29.81,13.26,346.38,Entregado,2025-02-04 17:07:44.759225,
VENT0377,CLI00122,2023-12-09 07:46:03.973711,Tarjeta de débito,8,481.51,36.57,19.4,498.68,Entregado,2023-12-09 07:46:03.973711,
VENT0378,CLI00166,2023-08-21 01:07:09.886259,Tarjeta de débito,8,623.37,60.56,19.83,664.1,Entregado,2023-08-21 01:07:09.886259,
VENT0379,CLI00124,2023-06-04 15:15:21.319125,Efectivo,7,604.87,30.19,17.32,617.74,Entregado,2023-06-04 15:15:21.319125,Beatae rem sapiente neque quod reiciendis rem molestias eaque.
VENT0380,CLI00382,2023-10-19 15:43:25.813832,Transferencia bancaria,4,252.46,15.44,11.74,256.16,Entregado,2023-10-19 15:43:25.813832,Delectus maxime soluta magni sint.
VENT0381,CLI00226,2024-02-23 05:12:21.278780,Transferencia bancaria,8,494.42,29.87,20.32,503.97,Entregado,2024-02-23 05:12:21.278780,
VENT0382,CLI00170,2023-12-10 23:10:25.703276,Efectivo,9,613.4,58.06,20.13,651.33,Entregado,2023-12-10 23:10:25.703276,
VENT0383,CLI00148,2025-02-06 03:40:26.433718,Efectivo,6,437.97,38.23,12.75,463.45,Entregado,2025-02-06 03:40:26.433718,Tempora facilis autem nesciunt voluptatibus.
VENT0384,CLI00036,2025-04-25 11:24:48.725966,Efectivo,7,497.83,28.43,21.34,504.92,Entregado,2025-04-25 11:24:48.725966,
VENT0385,CLI00465,2024-12-12 13:54:16.120111,Efectivo,4,392.53,35.93,9.75,418.71,Cancelado,2024-12-12 13:54:16.120111,
VENT0386,CLI00399,2023-09-16 03:06:52.497658,Transferencia bancaria,5,231.64,20.05,8.24,243.45,Entregado,2023-09-16 03:06:52.497658,Deserunt maiores voluptatem exercitationem architecto quam aut corporis inventore quos.
VENT0387,CLI00407,2023-11-06 23:29:48.161238,Tarjeta de crédito,2,163.49,15.78,7.96,171.31,Pendiente,,
VENT0388,CLI00284,2024-01-27 14:12:26.999067,Efectivo,3,243.25,23.78,10.76,256.27,Entregado,2024-01-27 14:12:26.999067,
VENT0389,CLI00119,2025-02-16 07:16:43.370240,Efectivo,3,240.52,25.0,5.14,260.38,Entregado,2025-02-16 07:16:43.370240,
VENT0390,CLI00044,2025-05-22 06:46:24.142450,Tarjeta de débito,9,363.19,40.36,21.97,381.58,Entregado,2025-05-22 06:46:24.142450,
VENT0391,CLI00054,2024-04-28 18:53:55.566487,Efectivo,1,51.21,5.37,2.73,53.85,Pendiente,,
VENT0392,CLI00088,2024-11-09 10:47:47.480957,Tarjeta de débito,9,523.25,38.64,33.04,528.85,Entregado,2024-11-09 10:47:47.480957,
VENT0393,CLI00289,2024-11-22 15:09:13.606459,Efectivo,2,63.16,4.51,6.52,61.15,Entregado,2024-11-22 15:09:13.606459,
VENT0394,CLI00160,2024-04-19 09:37:56.144755,Tarjeta de débito,1,42.02,1.72,4.33,39.41,Entregado,2024-04-19 09:37:56.144755,
VENT0395,CLI00043,2023-07-10 08:38:58.163967,Tarjeta de débito,4,149.9,12.15,6.64,155.41,Cancelado,2023-07-10 08:38:58.163967,
VENT0396,CLI00381,2025-01-24 02:02:32.729674,Transferencia bancaria,2,107.79,9.31,4.59,112.51,Entregado,2025-01-24 02:02:32.729674,
VENT0397,CLI00322,2025-02-20 20:24:34.127652,Efectivo,2,61.25,4.71,2.71,63.25,Entregado,2025-02-20 20:24:34.127652,
VENT0398,CLI00143,2024-05-03 16:08:18.978503,Transferencia bancaria,2,114.1,7.2,4.59,116.71,Entregado,2024-05-03 16:08:18.978503,
VENT0399,CLI00473,2024-07-30 00:54:13.293249,Efectivo,1,19.67,1.05,1.36,19.36,Entregado,2024-07-30 00:54:13.293249,
VENT0400,CLI00429,2024-05-29 17:47:54.737772,Tarjeta de débito,10,602.73,52.22,22.42,632.53,Entregado,2024-05-29 17:47:54.737772,Repellendus deserunt exercitationem quas dolorem nisi illo fugit.
VENT0401,CLI00186,2024-10-19 14:05:28.889971,Tarjeta de crédito,8,476.36,65.0,16.2,525.16,Entregado,2024-10-19 14:05:28.889971,Veniam nihil at corrupti officiis fugit veniam tempore.
VENT0402,CLI00119,2023-10-08 09:29:01.114189,Tarjeta de crédito,3,124.16,14.52,6.44,132.24,Entregado,2023-10-08 09:29:01.114189,
VENT0403,CLI00220,2024-11-04 13:53:00.647804,Transferencia bancaria,2,158.6,11.68,7.29,162.99,Entregado,2024-11-04 13:53:00.647804,
VENT0404,CLI00463,2023-11-19 12:59:17.647384,Efectivo,2,133.65,7.9,7.83,133.72,Entregado,2023-11-19 12:59:17.647384,
VENT0405,CLI00251,2023-11-18 04:04:57.503153,Transferencia bancaria,9,747.6,76.91,20.32,804.19,Entregado,2023-11-18 04:04:57.503153,
VENT0406,CLI00452,2023-06-17 08:01:51.307149,Tarjeta de débito,5,272.63,19.39,10.62,281.4,Cancelado,2023-06-17 08:01:51.307149,Quos totam ipsum quos numquam ut reprehenderit nihil.
VENT0407,CLI00425,2024-02-20 07:33:12.197630,Tarjeta de débito,5,379.45,29.03,12.94,395.54,Entregado,2024-02-20 07:33:12.197630,Dolores neque maxime voluptatum.
VENT0408,CLI00312,2023-08-07 18:42:09.287146,Tarjeta de débito,2,78.6,8.24,5.69,81.15,Entregado,2023-08-07 18:42:09.287146,
VENT0409,CLI00479,2024-05-31 10:44:47.229162,Tarjeta de crédito,5,337.95,26.0,13.19,350.76,Entregado,2024-05-31 10:44:47.229162,Dolor placeat recusandae quisquam sapiente inventore nam.
VENT0410,CLI00029,2024-12-10 15:00:40.369661,Tarjeta de débito,9,758.18,67.64,30.32,795.5,Entregado,2024-12-10 15:00:40.369661,
VENT0411,CLI00315,2025-05-02 19:59:43.266822,Tarjeta de crédito,5,199.5,17.98,14.29,203.19,Entregado,2025-05-02 19:59:43.266822,Minus illum quam quia ullam quia aperiam facere.
VENT0412,CLI00144,2023-10-14 00:10:57.355017,Tarjeta de débito,7,540.99,39.46,18.66,561.79,Entregado,2023-10-14 00:10:57.355017,
VENT0413,CLI00267,2024-03-04 01:28:54.856303,Tarjeta de crédito,4,193.63,10.18,9.96,193.85,Entregado,2024-03-04 01:28:54.856303,
VENT0414,CLI00041,2025-02-19 20:33:39.987010,Tarjeta de crédito,1,77.73,2.73,3.77,76.69,Entregado,2025-02-19 20:33:39.987010,
VENT0415,CLI00468,2024-12-06 03:46:24.845949,Tarjeta de débito,4,326.91,25.11,11.76,340.26,Entregado,2024-12-06 03:46:24.845949,
VENT0416,CLI00111,2024-03-19 13:30:04.669590,Efectivo,8,474.88,42.6,19.16,498.32,Pendiente,,
VENT0417,CLI00016,2023-08-24 11:56:03.260153,Tarjeta de débito,5,182.12,17.4,7.33,192.19,Pendiente,,
VENT0418,CLI00279,2025-02-22 22:08:38.809610,Tarjeta de crédito,1,65.49,8.31,4.06,69.74,Entregado,2025-02-22 22:08:38.809610,
VENT0419,CLI00374,2024-06-21 21:28:04.069691,Tarjeta de crédito,10,522.71,39.58,18.88,543.41,Entregado,2024-06-21 21:28:04.069691,Tempore quae amet adipisci adipisci quia blanditiis nulla nesciunt reiciendis.
VENT0420,CLI00456,2024-07-11 03:13:33.569562,Tarjeta de débito,10,740.6,48.59,22.6,766.59,Entregado,2024-07-11 03:13:33.569562,Eveniet sed ut cumque explicabo quas.
VENT0421,CLI00017,2023-12-02 18:25:20.529261,Tarjeta de crédito,3,198.96,17.13,8.4,207.69,Entregado,2023-12-02 18:25:20.529261,
VENT0422,CLI00059,2023-11-02 05:05:33.250203,Efectivo,6,393.96,40.54,13.94,420.56,Cancelado,2023-11-02 05:05:33.250203,
VENT0423,CLI00436,2024-11-06 16:25:44.967345,Tarjeta de crédito,3,271.24,17.08,7.04,281.28,Entregado,2024-11-06 16:25:44.967345,
VENT0424,CLI00225,2024-06-16 15:40:12.959170,Efectivo,6,521.67,60.35,7.32,574.7,Entregado,2024-06-16 15:40:12.959170,
VENT0425,CLI00326,2024-01-15 16:05:19.599068,Tarjeta de débito,5,407.98,41.37,10.07,439.28,Entregado,2024-01-15 16:05:19.599068,
VENT0426,CLI00140,2025-03-05 09:45:45.462430,Efectivo,2,257.17,9.34,1.74,264.77,Entregado,2025-03-05 09:45:45.462430,
VENT0427,CLI00500,2025-04-24 22:27:34.667300,Tarjeta de débito,6,331.19,38.22,16.96,352.45,Entregado,2025-04-24 22:27:34.667300,
VENT0428,CLI00196,2024-10-12 19:04:26.211605,Tarjeta de débito,8,673.52,60.57,14.38,719.71,Entregado,2024-10-12 19:04:26.211605,Ipsam maiores cum voluptate quia numquam.
VENT0429,CLI00446,2024-09-21 14:34:57.289874,Transferencia bancaria,4,256.11,25.48,12.96,268.63,Entregado,2024-09-21 14:34:57.289874,
VENT0430,CLI00108,2024-09-10 17:16:31.086267,Tarjeta de crédito,8,560.21,61.82,21.26,600.77,Entregado,2024-09-10 17:16:31.086267,
VENT0431,CLI00281,2025-04-04 18:23:03.097420,Tarjeta de crédito,8,480.8,43.61,18.32,506.09,Entregado,2025-04-04 18:23:03.097420,
VENT0432,CLI00486,2024-06-17 01:50:28.150289,Tarjeta de débito,4,156.22,13.7,11.53,158.39,Entregado,2024-06-17 01:50:28.150289,
VENT0433,CLI00482,2024-07-23 07:50:15.410839,Efectivo,3,198.32,16.24,4.56,210.0,Entregado,2024-07-23 07:50:15.410839,
VENT0434,CLI00304,2023-07-20 05:50:33.111953,Efectivo,5,340.0,34.07,14.59,359.48,Entregado,2023-07-20 05:50:33.111953,Eveniet laudantium deleniti aspernatur adipisci nam repellendus totam veritatis molestias.
VENT0435,CLI00235,2025-03-26 15:58:34.714137,Efectivo,2,71.19,4.69,5.26,70.62,Entregado,2025-03-26 15:58:34.714137,Laudantium id rem dolor cum maxime deserunt temporibus sint.
VENT0436,CLI00378,2023-12-25 03:38:03.610453,Tarjeta de crédito,2,134.42,12.69,6.68,140.43,Entregado,2023-12-25 03:38:03.610453,
VENT0437,CLI00224,2024-04-05 16:26:02.041050,Efectivo,5,441.2,44.45,10.48,475.17,Entregado,2024-04-05 16:26:02.041050,A itaque totam repellat quaerat laudantium et.
VENT0438,CLI00200,2025-04-20 21:51:43.914559,Tarjeta de débito,3,190.44,27.56,5.34,212.66,Cancelado,2025-04-20 21:51:43.914559,
VENT0439,CLI00311,2025-03-04 15:03:16.796206,Efectivo,1,18.98,2.27,1.1,20.15,Entregado,2025-03-04 15:03:16.796206,
VENT0440,CLI00156,2024-09-05 07:15:33.968407,Tarjeta de crédito,7,574.89,61.87,17.07,619.69,Entregado,2024-09-05 07:15:33.968407,
VENT0441,CLI00345,2023-08-23 09:16:32.349129,Efectivo,1,110.32,5.04,0.21,115.15,Cancelado,2023-08-23 09:16:32.349129,
VENT0442,CLI00433,2024-03-04 03:44:41.857365,Tarjeta de crédito,2,225.56,24.86,5.81,244.61,Entregado,2024-03-04 03:44:41.857365,
VENT0443,CLI00358,2023-06-01 01:01:46.914381,Tarjeta de crédito,9,592.92,69.12,29.27,632.77,Entregado,2023-06-01 01:01:46.914381,Incidunt quisquam consequuntur magnam harum sapiente ipsum natus.
VENT0444,CLI00326,2024-01-04 17:13:00.066367,Tarjeta de débito,1,15.21,0.72,1.89,14.04,Entregado,2024-01-04 17:13:00.066367,Eveniet iste non eum ex in laborum distinctio reprehenderit quam.
VENT0445,CLI00012,2025-01-22 14:39:51.166678,Transferencia bancaria,9,524.46,50.27,17.52,557.21,Entregado,2025-01-22 14:39:51.166678,
VENT0446,CLI00266,2025-03-29 13:32:35.039239,Tarjeta de crédito,5,335.28,34.82,10.01,360.09,Cancelado,2025-03-29 13:32:35.039239,Explicabo necessitatibus praesentium pariatur nihil distinctio hic harum aut.
VENT0447,CLI00171,2024-07-30 04:51:36.401223,Tarjeta de crédito,2,58.28,5.46,8.75,54.99,Pendiente,,
VENT0448,CLI00452,2023-08-15 08:36:06.649522,Efectivo,8,546.27,69.6,28.41,587.46,Entregado,2023-08-15 08:36:06.649522,
VENT0449,CLI00032,2023-11-02 09:31:55.714389,Tarjeta de débito,5,179.11,16.9,13.43,182.58,Entregado,2023-11-02 09:31:55.714389,
VENT0450,CLI00410,2024-06-14 07:19:48.579496,Tarjeta de crédito,9,458.93,37.47,31.27,465.13,Entregado,2024-06-14 07:19:48.579496,
VENT0451,CLI00393,2023-06-20 05:19:31.432004,Tarjeta de débito,9,754.2,72.23,18.25,808.18,Entregado,2023-06-20 05:19:31.432004,
VENT0452,CLI00448,2023-12-06 08:40:31.935307,Tarjeta de débito,7,320.18,33.85,19.95,334.08,Entregado,2023-12-06 08:40:31.935307,
VENT0453,CLI00264,2024-07-28 13:00:38.397552,Tarjeta de crédito,2,163.17,12.4,1.5,174.07,Entregado,2024-07-28 13:00:38.397552,Aspernatur ab repellendus officia sunt totam nostrum ullam.
VENT0454,CLI00414,2025-03-24 08:46:02.493078,Tarjeta de débito,8,456.11,46.98,17.35,485.74,Entregado,2025-03-24 08:46:02.493078,
VENT0455,CLI00368,2025-04-01 04:36:17.290073,Efectivo,3,154.22,13.03,8.85,158.4,Entregado,2025-04-01 04:36:17.290073,
VENT0456,CLI00395,2024-02-02 11:11:30.300117,Transferencia bancaria,5,269.91,23.78,15.0,278.69,Entregado,2024-02-02 11:11:30.300117,
VENT0457,CLI00236,2023-11-30 06:06:03.582073,Transferencia bancaria,3,164.75,14.03,5.73,173.05,Entregado,2023-11-30 06:06:03.582073,
VENT0458,CLI00455,2024-02-27 20:25:34.203041,Efectivo,2,115.62,15.68,6.47,124.83,Entregado,2024-02-27 20:25:34.203041,
VENT0459,CLI00284,2023-12-24 03:48:16.123841,Tarjeta de crédito,2,177.16,20.45,8.59,189.02,Cancelado,2023-12-24 03:48:16.123841,Laboriosam reprehenderit tempore quidem culpa exercitationem.
VENT0460,CLI00220,2024-04-30 17:07:38.203931,Efectivo,3,230.98,31.25,6.37,255.86,Entregado,2024-04-30 17:07:38.203931,
VENT0461,CLI00196,2024-11-27 01:02:48.913692,Tarjeta de débito,3,179.01,19.45,8.1,190.36,Entregado,2024-11-27 01:02:48.913692,
VENT0462,CLI00096,2024-07-23 21:45:46.247954,Transferencia bancaria,10,539.42,56.7,28.87,567.25,Entregado,2024-07-23 21:45:46.247954,
VENT0463,CLI00329,2025-01-19 06:38:05.032917,Tarjeta de débito,8,550.86,36.82,17.8,569.88,Entregado,2025-01-19 06:38:05.032917,Beatae dignissimos dignissimos occaecati perspiciatis.
VENT0464,CLI00470,2024-08-03 21:03:42.125031,Tarjeta de crédito,8,653.69,52.79,23.53,682.95,Entregado,2024-08-03 21:03:42.125031,
VENT0465,CLI00319,2024-03-25 03:06:23.769380,Tarjeta de débito,4,326.47,21.42,13.47,334.42,Entregado,2024-03-25 03:06:23.769380,
VENT0466,CLI00272,2023-07-12 03:36:36.256309,Transferencia bancaria,2,196.24,17.48,7.01,206.71,Entregado,2023-07-12 03:36:36.256309,
VENT0467,CLI00069,2024-01-13 15:32:58.256328,Transferencia bancaria,6,395.5,45.87,10.16,431.21,Entregado,2024-01-13 15:32:58.256328,
VENT0468,CLI00307,2023-12-27 19:15:25.685736,Tarjeta de crédito,9,441.17,45.19,29.28,457.08,Entregado,2023-12-27 19:15:25.685736,
VENT0469,CLI00420,2024-10-28 22:23:52.113121,Tarjeta de crédito,4,192.34,12.09,12.0,192.43,Entregado,2024-10-28 22:23:52.113121,
VENT0470,CLI00383,2023-09-21 09:09:27.889388,Tarjeta de débito,7,463.07,50.61,18.7,494.98,Entregado,2023-09-21 09:09:27.889388,Laborum numquam magnam laboriosam ea iure corporis asperiores.
VENT0471,CLI00434,2023-12-13 03:42:34.490118,Tarjeta de débito,10,912.8,79.95,25.22,967.53,Entregado,2023-12-13 03:42:34.490118,
VENT0472,CLI00168,2024-11-14 12:31:39.626039,Efectivo,1,17.64,1.76,2.84,16.56,Entregado,2024-11-14 12:31:39.626039,Adipisci corrupti ullam neque consequatur at quod.
VENT0473,CLI00288,2024-12-26 02:13:01.627643,Tarjeta de débito,3,310.89,21.34,8.55,323.68,Entregado,2024-12-26 02:13:01.627643,
VENT0474,CLI00488,2025-03-20 18:06:00.892642,Efectivo,5,262.07,32.55,14.05,280.57,Entregado,2025-03-20 18:06:00.892642,
VENT0475,CLI00330,2024-01-31 12:17:28.992714,Efectivo,4,223.66,18.05,11.92,229.79,Entregado,2024-01-31 12:17:28.992714,
VENT0476,CLI00460,2023-12-06 06:24:49.061876,Tarjeta de débito,6,435.68,38.39,20.2,453.87,Entregado,2023-12-06 06:24:49.061876,
VENT0477,CLI00288,2024-02-18 00:44:15.496057,Transferencia bancaria,4,223.32,12.81,4.23,231.9,Pendiente,,
VENT0478,CLI00264,2024-11-15 16:46:33.306340,Transferencia bancaria,5,222.18,13.85,17.1,218.93,Entregado,2024-11-15 16:46:33.306340,
VENT0479,CLI00278,2024-04-27 16:04:48.643439,Transferencia bancaria,7,310.95,29.77,21.89,318.83,Entregado,2024-04-27 16:04:48.643439,
VENT0480,CLI00284,2024-08-22 23:28:15.800394,Efectivo,3,140.5,11.05,3.85,147.7,Entregado,2024-08-22 23:28:15.800394,
VENT0481,CLI00045,2025-03-14 23:05:55.827787,Efectivo,7,448.97,39.1,20.7,467.37,Entregado,2025-03-14 23:05:55.827787,
VENT0482,CLI00226,2023-08-28 00:21:51.322099,Efectivo,8,496.77,58.32,13.18,541.91,Pendiente,,
VENT0483,CLI00050,2023-05-31 09:47:03.669514,Transferencia bancaria,8,552.76,52.48,26.88,578.36,Entregado,2023-05-31 09:47:03.669514,
VENT0484,CLI00090,2024-03-16 07:28:53.641438,Tarjeta de débito,10,528.58,55.99,20.46,564.11,Entregado,2024-03-16 07:28:53.641438,
VENT0485,CLI00074,2025-03-27 19:51:25.546592,Efectivo,4,119.7,11.64,12.09,119.25,Entregado,2025-03-27 19:51:25.546592,Necessitatibus perferendis sint at nihil voluptatibus quasi repellat libero quas.
VENT0486,CLI00331,2024-08-26 06:13:44.998255,Tarjeta de crédito,9,455.93,54.26,15.78,494.41,Entregado,2024-08-26 06:13:44.998255,
VENT0487,CLI00401,2024-08-22 23:18:22.413785,Tarjeta de crédito,3,147.49,19.13,7.39,159.23,Entregado,2024-08-22 23:18:22.413785,
VENT0488,CLI00268,2025-03-09 19:44:31.999072,Efectivo,7,388.04,38.35,10.53,415.86,Entregado,2025-03-09 19:44:31.999072,
VENT0489,CLI00280,2024-02-19 12:15:06.107014,Tarjeta de débito,1,135.9,5.8,2.84,138.86,Entregado,2024-02-19 12:15:06.107014,
VENT0490,CLI00293,2025-05-04 18:14:29.216434,Tarjeta de crédito,5,283.5,31.95,10.52,304.93,Entregado,2025-05-04 18:14:29.216434,
VENT0491,CLI00293,2024-10-28 13:27:29.018682,Transferencia bancaria,3,143.18,17.93,6.87,154.24,Entregado,2024-10-28 13:27:29.018682,
VENT0492,CLI00445,2024-11-03 18:00:18.807930,Transferencia bancaria,4,327.45,25.84,9.48,343.81,Entregado,2024-11-03 18:00:18.807930,
VENT0493,CLI00467,2023-11-11 19:15:50.376977,Tarjeta de crédito,7,378.17,49.99,16.62,411.54,Entregado,2023-11-11 19:15:50.376977,Doloremque vero aliquid rerum ullam fuga minima quia.
VENT0494,CLI00454,2025-01-12 21:38:48.942889,Transferencia bancaria,2,156.28,20.15,5.42,171.01,Entregado,2025-01-12 21:38:48.942889,Sapiente voluptatum corporis non molestiae cumque autem qui.
VENT0495,CLI00009,2025-01-20 00:56:28.505584,Efectivo,1,28.89,2.78,1.79,29.88,Entregado,2025-01-20 00:56:28.505584,Harum nihil ducimus distinctio est.
VENT0496,CLI00108,2023-11-10 07:47:14.080630,Efectivo,5,355.58,34.92,17.4,373.1,Entregado,2023-11-10 07:47:14.080630,
VENT0497,CLI00101,2024-08-22 21:41:20.610134,Tarjeta de débito,8,469.16,48.3,15.17,502.29,Entregado,2024-08-22 21:41:20.610134,
VENT0498,CLI00330,2023-07-11 09:13:58.268438,Transferencia bancaria,2,114.6,15.54,3.8,126.34,Cancelado,2023-07-11 09:13:58.268438,
VENT0499,CLI00473,2024-03-03 23:11:11.766233,Tarjeta de débito,7,397.05,35.53,19.91,412.67,Entregado,2024-03-03 23:11:11.766233,
VENT0500,CLI00240,2024-08-20 21:45:32.823355,Tarjeta de crédito,8,665.89,54.42,23.76,696.55,Pendiente,,
